tel aviv => tel_aviv
avant gard => avant_gard
são paulo => são_paulo
luc godard => luc_godard
humphrei bogart => humphrei_bogart
disc jockei => disc_jockei
errol flynn => errol_flynn
scoobi doo => scoobi_doo
warner bro => warner_bro
roller coaster => roller_coaster
elvi preslei => elvi_preslei
edgar allan => edgar_allan
werner herzog => werner_herzog
barb wire => barb_wire
steadi stream => steadi_stream
debbi reynold => debbi_reynold
burt reynold => burt_reynold
stanlei kubrick => stanlei_kubrick
tight knit => tight_knit
buster keaton => buster_keaton
sherlock holm => sherlock_holm
pat o'brien => pat_o'brien
walt disnei => walt_disnei
silli symphoni => silli_symphoni
holi grail => holi_grail
rag tag => rag_tag
allan poe => allan_poe
edmond o'brien => edmond_o'brien
tech savvi => tech_savvi
woodi allen => woodi_allen
pink panther => pink_panther
laurenc harvei => laurenc_harvei
scottish highland => scottish_highland
sci fi => sci_fi
wang lung => wang_lung
sugar daddi => sugar_daddi
bowl allei => bowl_allei
gossip columnist => gossip_columnist
kirk dougla => kirk_dougla
ethan hawk => ethan_hawk
abraham lincoln => abraham_lincoln
keith carradin => keith_carradin
ernest p => ernest_p
healthi dose => healthi_dose
à troi => à_troi
alfr hitchcock => alfr_hitchcock
cuban missil => cuban_missil
bug bunni => bug_bunni
hip hop => hip_hop
guinea pig => guinea_pig
juvenil delinqu => juvenil_delinqu
nervou breakdown => nervou_breakdown
tyler perri => tyler_perri
rod crawford => rod_crawford
hee soo => hee_soo
plastic surgeri => plastic_surgeri
domest bliss => domest_bliss
pearl harbor => pearl_harbor
edmond dant => edmond_dant
glenn ford => glenn_ford
drew barrymor => drew_barrymor
mont carlo => mont_carlo
adolf hitler => adolf_hitler
lightn bolt => lightn_bolt
pizza deliveri => pizza_deliveri
kung fu => kung_fu
cole porter => cole_porter
pacif northwest => pacif_northwest
bett davi => bett_davi
meteor shower => meteor_shower
buddhist monk => buddhist_monk
soft spoken => soft_spoken
hitch hike => hitch_hike
washington d.c => washington_d.c
wheelchair bound => wheelchair_bound
w bush => w_bush
f kennedi => f_kennedi
razor sharp => razor_sharp
mild manner => mild_manner
scotland yard => scotland_yard
drew carei => drew_carei
min soo => min_soo
robbi benson => robbi_benson
dick powel => dick_powel
nanci drew => nanci_drew
chuck connor => chuck_connor
maiden voyag => maiden_voyag
ginger roger => ginger_roger
ming dynasti => ming_dynasti
madison squar => madison_squar
uneasi allianc => uneasi_allianc
fever pitch => fever_pitch
philip carei => philip_carei
bubbl burst => bubbl_burst
edward g => edward_g
wang yu => wang_yu
carrol baker => carrol_baker
en rout => en_rout
downward spiral => downward_spiral
st petersburg => st_petersburg
stephen chow => stephen_chow
rodeo rider => rodeo_rider
shaolin templ => shaolin_templ
soap opera => soap_opera
washington dc => washington_dc
doug benson => doug_benson
coin toss => coin_toss
pizza parlor => pizza_parlor
yellow brick => yellow_brick
surfer dude => surfer_dude
travi rice => travi_rice
sharp tongu => sharp_tongu
jesu christ => jesu_christ
foul mouth => foul_mouth
roller skate => roller_skate
sid caesar => sid_caesar
santa clau => santa_clau
juvenil detent => juvenil_detent
lou reed => lou_reed
solitari confin => solitari_confin
jacki chan => jacki_chan
marin biologist => marin_biologist
edgar rice => edgar_rice
ricki rapper => ricki_rapper
distress signal => distress_signal
bob dylan => bob_dylan
tin tin => tin_tin
coal miner => coal_miner
unpreced access => unpreced_access
perri mason => perri_mason
entranc exam => entranc_exam
femm fatal => femm_fatal
pulitz prize => pulitz_prize
pearl jam => pearl_jam
jai z => jai_z
n dale => n_dale
heather graham => heather_graham
colin quinn => colin_quinn
joan crawford => joan_crawford
fei hung => fei_hung
guidanc counselor => guidanc_counselor
jon stewart => jon_stewart
butt montana => butt_montana
ocean liner => ocean_liner
hong kong => hong_kong
martin scorses => martin_scorses
anti semit => anti_semit
phil collin => phil_collin
gentleman agreement => gentleman_agreement
razor blade => razor_blade
ic cream => ic_cream
w griffith => w_griffith
dian keaton => dian_keaton
malcolm x => malcolm_x
wine cellar => wine_cellar
clock tick => clock_tick
yellow fever => yellow_fever
aircraft carrier => aircraft_carrier
dude ranch => dude_ranch
robin hood => robin_hood
yu jin => yu_jin
madam rosa => madam_rosa
tin pan => tin_pan
drill rig => drill_rig
whirlwind courtship => whirlwind_courtship
blue collar => blue_collar
alter ego => alter_ego
plastic surgeon => plastic_surgeon
lotteri ticket => lotteri_ticket
martin luther => martin_luther
w c => w_c
melt pot => melt_pot
heavi metal => heavi_metal
electr chair => electr_chair
beverli hill => beverli_hill
neil armstrong => neil_armstrong
louis brook => louis_brook
sung dynasti => sung_dynasti
charl dicken => charl_dicken
willi nelson => willi_nelson
rock n roll => rock_n_roll
australian outback => australian_outback
romeo juliet => romeo_juliet
fratern haze => fratern_haze
bikini clad => bikini_clad
tina turner => tina_turner
underwat wonderland => underwat_wonderland
anthoni quinn => anthoni_quinn
straight lace => straight_lace
loan shark => loan_shark
traffic jam => traffic_jam
nobel prize => nobel_prize
punk rocker => punk_rocker
dry cleaner => dry_cleaner
startl revel => startl_revel
bonni parker => bonni_parker
diana ross => diana_ross
shirlei templ => shirlei_templ
clair trevor => clair_trevor
judi davi => judi_davi
harrison ford => harrison_ford
dust bowl => dust_bowl
incom tax => incom_tax
grief stricken => grief_stricken
costa del => costa_del
swim pool => swim_pool
r r => r_r
sylvia sidnei => sylvia_sidnei
madam butterfli => madam_butterfli
phil carei => phil_carei
phil fernando => phil_fernando
central roast => central_roast
madison wisconsin => madison_wisconsin
naval cadet => naval_cadet
heather sear => heather_sear
marion crane => marion_crane
bella swan => bella_swan
twilight zone => twilight_zone
gender bend => gender_bend
et se => et_se
jin ho => jin_ho
tim burton => tim_burton
invest banker => invest_banker
emperor franz => emperor_franz
salt lake => salt_lake
napoleon iii => napoleon_iii
drill instructor => drill_instructor
blade runner => blade_runner
egyptian tomb => egyptian_tomb
victoria shaw => victoria_shaw
san francisco => san_francisco
berni casei => berni_casei
bruce campbel => bruce_campbel
navi seal => navi_seal
rod taylor => rod_taylor
ninja turtl => ninja_turtl
joan collin => joan_collin
email,e mail => e_mail
iron fist => iron_fist
iron curtain => iron_curtain
florenc rice => florenc_rice
peggi rever => peggi_rever
gari cooper => gari_cooper
jessica yu => jessica_yu
u boat => u_boat
nerv ga => nerv_ga
j edgar => j_edgar
ruth et => ruth_et
toxic substanc => toxic_substanc
russel crow => russel_crow
brush stroke => brush_stroke
kevin hart => kevin_hart
ian hart => ian_hart
mr hyde => mr_hyde
victorian melodrama => victorian_melodrama
gulf stream => gulf_stream
janeiro brazil => janeiro_brazil
skin flick => skin_flick
cameron mitchel => cameron_mitchel
ab lincoln => ab_lincoln
raj singh => raj_singh
lesli phillip => lesli_phillip
cameron crow => cameron_crow
carniv barker => carniv_barker
third reich => third_reich
et philipp => et_philipp
ji won => ji_won
district attornei => district_attornei
heavyweight champion => heavyweight_champion
rio de janeiro => rio_de_janeiro
jason leigh => jason_leigh
prime minist => prime_minist
porter rick => porter_rick
spaghetti western => spaghetti_western
malcolm turner => malcolm_turner
jean luc => jean_luc
carl hamilton => carl_hamilton
bueno air => bueno_air
la vega => la_vega
upcom bollywood => upcom_bollywood
glenn miller => glenn_miller
squar garden => squar_garden
dian lane => dian_lane
howard hugh => howard_hugh
ira bomber => ira_bomber
oliv reed => oliv_reed
han solo => han_solo
edgar allen => edgar_allen
joan bennett => joan_bennett
foreign legion => foreign_legion
colorado rocki => colorado_rocki
barri sullivan => barri_sullivan
brian keith => brian_keith
caesar palac => caesar_palac
count dracula => count_dracula
teddi bear => teddi_bear
joel gilbert => joel_gilbert
journal entri => journal_entri
alzheim diseas => alzheim_diseas
carol reed => carol_reed
jo jo => jo_jo
blood thirsti => blood_thirsti
stella steven => stella_steven
barren wasteland => barren_wasteland
enorm amount => enorm_amount
roman gladiat => roman_gladiat
bounti hunter => bounti_hunter
elli plu => elli_plu
x file => x_file
suprem court => suprem_court
richard burton => richard_burton
ventur capitalist => ventur_capitalist
monkei wrench => monkei_wrench
ted wallac => ted_wallac
weari gunfight => weari_gunfight
palm spring => palm_spring
f sear => f_sear
chip n => chip_n
groceri store => groceri_store
jacki robinson => jacki_robinson
shirlei booth => shirlei_booth
todd barri => todd_barri
van der => van_der
credit card => credit_card
earl jone => earl_jone
saloon keeper => saloon_keeper
wide ei => wide_ei
greedi capitalist => greedi_capitalist
wendi hugh => wendi_hugh
coffe plantat => coffe_plantat
roi del => roi_del
seedi motel => seedi_motel
jerri lewi => jerri_lewi
devil worship => devil_worship
abigail tyler => abigail_tyler
averi fisher => averi_fisher
befal lynn => befal_lynn
ruth gordon => ruth_gordon
thoma edison => thoma_edison
elizabeth taylor => elizabeth_taylor
r kelli => r_kelli
per se => per_se
oil rig => oil_rig
charlton heston => charlton_heston
dolph lundgren => dolph_lundgren
mardi gra => mardi_gra
sanjai dutt => sanjai_dutt
patton oswalt => patton_oswalt
truman capot => truman_capot
dziga vertov => dziga_vertov
mattia thuresson => mattia_thuresson
wim wender => wim_wender
cerebr palsi => cerebr_palsi
jimi hendrix => jimi_hendrix
ping pong => ping_pong
butch cassidi => butch_cassidi
gerard depardieu => gerard_depardieu
wyatt earp => wyatt_earp
lex luthor => lex_luthor
barack obama => barack_obama
notr dame => notr_dame
jule vern => jule_vern
terenc stamp => terenc_stamp
klau kinski => klau_kinski
hulk hogan => hulk_hogan
kri kristofferson => kri_kristofferson
fidel castro => fidel_castro
herman melvil => herman_melvil
marilyn monro => marilyn_monro
lionel barrymor => lionel_barrymor
joel mccrea => joel_mccrea
cheng pei => cheng_pei
clint eastwood => clint_eastwood
monti python => monti_python
tel aviv => tel_aviv
jimini cricket => jimini_cricket
snoop dogg => snoop_dogg
lung wei => lung_wei
ingmar bergman => ingmar_bergman
broad daylight => broad_daylight
scantili clad => scantili_clad
winston churchil => winston_churchil
bori karloff => bori_karloff
stuart whitman => stuart_whitman
nurseri rhyme => nurseri_rhyme
avant gard => avant_gard
são paulo => são_paulo
gregori peck => gregori_peck
ronald reagan => ronald_reagan
luc godard => luc_godard
bin laden => bin_laden
lui buñuel => lui_buñuel
lana turner => lana_turner
akira kurosawa => akira_kurosawa
shirlei maclain => shirlei_maclain
conan doyl => conan_doyl
burt lancast => burt_lancast
humphrei bogart => humphrei_bogart
trevor noah => trevor_noah
vanessa redgrav => vanessa_redgrav
mick jagger => mick_jagger
juliu caesar => juliu_caesar
hurrican katrina => hurrican_katrina
ku feng => ku_feng
errol morri => errol_morri
pee wee herman => pee_wee_herman
puerto rican => puerto_rican
disc jockei => disc_jockei
sidnei poitier => sidnei_poitier
elliott gould => elliott_gould
cape cod => cape_cod
laurenc olivi => laurenc_olivi
johan falk => johan_falk
ell est => ell_est
g robinson => g_robinson
nelson mandela => nelson_mandela
ernest borgnin => ernest_borgnin
robinson cruso => robinson_cruso
federico fellini => federico_fellini
sharon tate => sharon_tate
grim reaper => grim_reaper
errol flynn => errol_flynn
fritz lang => fritz_lang
alain delon => alain_delon
scoobi doo => scoobi_doo
ce que => ce_que
bing crosbi => bing_crosbi
lt col => lt_col
wu tang => wu_tang
noah ark => noah_ark
puerto rico => puerto_rico
tourett syndrom => tourett_syndrom
lesli nielsen => lesli_nielsen
alexandr duma => alexandr_duma
franco nero => franco_nero
massag parlor => massag_parlor
roberto rossellini => roberto_rossellini
prakash raj => prakash_raj
benito mussolini => benito_mussolini
kathi griffin => kathi_griffin
agatha christi => agatha_christi
sperm donor => sperm_donor
leonardo da => leonardo_da
warner bro => warner_bro
tokugawa shogun => tokugawa_shogun
sammo hung => sammo_hung
vice versa => vice_versa
margaret thatcher => margaret_thatcher
priya chopra => priya_chopra
stomach ach => stomach_ach
philip marlow => philip_marlow
sofia bulgaria => sofia_bulgaria
tibetan buddhism => tibetan_buddhism
spinal tap => spinal_tap
da silva => da_silva
pink floyd => pink_floyd
ajai devgan => ajai_devgan
roller coaster => roller_coaster
sean conneri => sean_conneri
elvi preslei => elvi_preslei
heathcliff earnshaw => heathcliff_earnshaw
purpl noon => purpl_noon
timothi higgin => timothi_higgin
isabella rossellini => isabella_rossellini
norm macdonald => norm_macdonald
muhammad ali => muhammad_ali
persian gulf => persian_gulf
eagl claw => eagl_claw
ernest hemingwai => ernest_hemingwai
asperg syndrom => asperg_syndrom
rice burrough => rice_burrough
starship trooper => starship_trooper
stewart granger => stewart_granger
dot com => dot_com
lin yi => lin_yi
freddi krueger => freddi_krueger
edgar allan => edgar_allan
chelsea handler => chelsea_handler
demolit derbi => demolit_derbi
qing dynasti => qing_dynasti
werner herzog => werner_herzog
pat garrett => pat_garrett
barb wire => barb_wire
extra terrestri => extra_terrestri
daffi duck => daffi_duck
debbi reynold => debbi_reynold
lesli cheung => lesli_cheung
tai chi => tai_chi
lanc armstrong => lanc_armstrong
david vs goliath => david_vs_goliath
jessi mae => jessi_mae
clark gabl => clark_gabl
rosalind russel => rosalind_russel
pine ridg => pine_ridg
eleanor roosevelt => eleanor_roosevelt
na een => na_een
steven spielberg => steven_spielberg
raymond burr => raymond_burr
dexter rilei => dexter_rilei
randi quaid => randi_quaid
leather clad => leather_clad
burt reynold => burt_reynold
hoodlum arjun => hoodlum_arjun
janet leigh => janet_leigh
stanlei kubrick => stanlei_kubrick
norman mclaren => norman_mclaren
patricia arquett => patricia_arquett
spinal fluid => spinal_fluid
tibetan lama => tibetan_lama
tight knit => tight_knit
p newton => p_newton
elliot gould => elliot_gould
buster keaton => buster_keaton
sherlock holm => sherlock_holm
eiffel tower => eiffel_tower
eleanor parker => eleanor_parker
donna reed => donna_reed
miranda richardson => miranda_richardson
rex harrison => rex_harrison
pat o'brien => pat_o'brien
chuck berri => chuck_berri
naomi watt => naomi_watt
samuel beckett => samuel_beckett
audrei hepburn => audrei_hepburn
elain hendrix => elain_hendrix
lizzi curri => lizzi_curri
terri gilliam => terri_gilliam
kang ho => kang_ho
roman polanski => roman_polanski
na mi => na_mi
walt disnei => walt_disnei
brandon beckett => brandon_beckett
lynn redgrav => lynn_redgrav
easter bunni => easter_bunni
southeast asia => southeast_asia
orthodox rabbi => orthodox_rabbi
joan blondel => joan_blondel
eagerli anticip => eagerli_anticip
ralph richardson => ralph_richardson
silli symphoni => silli_symphoni
holi grail => holi_grail
rag tag => rag_tag
solar eclips => solar_eclips
ugli duckl => ugli_duckl
jacqu demi => jacqu_demi
noel coward => noel_coward
crystal meth => crystal_meth
liar liar => liar_liar
roller derbi => roller_derbi
dana gould => dana_gould
candi cane => candi_cane
mei mei => mei_mei
louisiana bayou => louisiana_bayou
salman khan => salman_khan
edmond o'brien => edmond_o'brien
margaret lindsai => margaret_lindsai
sierra leon => sierra_leon
katherin hepburn => katherin_hepburn
socialist bulgaria => socialist_bulgaria
hitch hiker => hitch_hiker
iren dunn => iren_dunn
axel folei => axel_folei
maxwel reed => maxwel_reed
karan arjun => karan_arjun
liz sherman => liz_sherman
kit kat => kit_kat
strait lace => strait_lace
woodi allen => woodi_allen
aidan quinn => aidan_quinn
uneasi truce => uneasi_truce
lanc bang => lanc_bang
randi newman => randi_newman
wong fei => wong_fei
sugar mama => sugar_mama
pink panther => pink_panther
laurenc harvei => laurenc_harvei
cesar romero => cesar_romero
mei ling => mei_ling
scottish highland => scottish_highland
sci fi => sci_fi
martha vineyard => martha_vineyard
kumar malhotra => kumar_malhotra
limb chop => limb_chop
painfulli acut => painfulli_acut
shogun tokugawa => shogun_tokugawa
wang lung => wang_lung
agit prop => agit_prop
eun soo => eun_soo
natasha richardson => natasha_richardson
el salvador => el_salvador
jose lui => jose_lui
qui lui => qui_lui
edison catalog => edison_catalog
malcolm mclaren => malcolm_mclaren
sugar daddi => sugar_daddi
conan o'brien => conan_o'brien
bowl allei => bowl_allei
colin clive => colin_clive
purpl haze => purpl_haze
bannist wane => bannist_wane
becker naturalist => becker_naturalist
sean penn => sean_penn
orang counti => orang_counti
slasher flick => slasher_flick
sandra dee => sandra_dee
raymond chandler => raymond_chandler
tripl h => tripl_h
der jung => der_jung
kirk dougla => kirk_dougla
marjori reynold => marjori_reynold
symphoni orchestra => symphoni_orchestra
ethan hawk => ethan_hawk
tang wei => tang_wei
sierra nevada => sierra_nevada
naomi klein => naomi_klein
tae soo => tae_soo
hyde pierc => hyde_pierc
loi duncan => loi_duncan
leo tolstoi => leo_tolstoi
abraham lincoln => abraham_lincoln
keith carradin => keith_carradin
karan malhotra => karan_malhotra
denni hopper => denni_hopper
anton chekhov => anton_chekhov
susan sarandon => susan_sarandon
mickei roonei => mickei_roonei
lex barker => lex_barker
ernest p => ernest_p
josef stalin => josef_stalin
healthi dose => healthi_dose
chairman mao => chairman_mao
a.j hayden => a.j_hayden
alpin glacier => alpin_glacier
betsi hopper => betsi_hopper
denni quaid => denni_quaid
loi lane => loi_lane
swiss alp => swiss_alp
alfr hitchcock => alfr_hitchcock
rubi dee => rubi_dee
teresa wright => teresa_wright
prem chopra => prem_chopra
vera cruz => vera_cruz
roger corman => roger_corman
cuban missil => cuban_missil
t rex => t_rex
yang kang => yang_kang
tim holt => tim_holt
bug bunni => bug_bunni
kim jong => kim_jong
septemb 11th => septemb_11th
nicola cage => nicola_cage
hip hop => hip_hop
sugar cane => sugar_cane
guinea pig => guinea_pig
susan hayward => susan_hayward
philip dunn => philip_dunn
allen ginsberg => allen_ginsberg
cliff robertson => cliff_robertson
marcu burnett => marcu_burnett
denni o'keef => denni_o'keef
jon reev => jon_reev
bipolar disord => bipolar_disord
madison avenu => madison_avenu
